Hyundai,Accent ," $16,270.00 "
Hyundai,Eleantra ," $20,275.00 "
Hyundai,Ioniq Elecrtic ," $34,020.00 "
Hyundai,Ioniq Hybrid ," $24,175.00 "
Hyundai,loniq Plug- In Hybrid ," $27,475.00 "
Hyundai,Sonata ," $26,695.00 "
Hyundai,Sonata Hybrid," $28,725.00 "
Hyundai,Sonata Plug -In Hybrid," $34,355.00 "
Hyundai,Kona ," $21,540.00 "
Hyundai,Kona Electric," $38,330.00 "
Hyundai,Nexo ," $59,875.00 "
Hyundai,Palisade," $33,665.00 "
Hyundai,Sante Fe," $27,415.00 "
Hyundai,Tuscon," $27,840.00 "
Hyundai,Venue," $18,490.00 "
Hyundai,Veloater ," $19,775.00 "
Honda ,Accord ," $22,225.00 "
Honda ,Accord Hybrid," $26,825.00 "
Honda ,Civic," $20,955.00 "
Honda ,Civic Type R," $37,950.00 "
Honda ,Clarity Electric ," $37,575.00 "
Honda ,Clarity Full Cell," $59,445.00 "
Honda ,Clarity Plug-In Hybrid," $34,355.00 "
Honda ,Fit," $17,145.00 "
Honda ,Insight ," $23,885.00 "
Honda ,CR-V," $26,270.00 "
Honda ,CR-V Hybrid," $28,970.00 "
Honda ,HR-V ," $22,040.00 "
Honda ,Passport ," $33,710.00 "
Honda ,Pilot ," $33,770.00 "
Honda ,Ridgeline," $35,020.00 "
Honda ,Odyseey," $32,910.00 "
Toyota,Avalon," $36,870.00 "
Toyota,Avalon Hybrid," $37,955.00 "
Toyota,Camry," $25,420.00 "
Toyota,Camry Hybrid," $29,385.00 "
Toyota,Corolla," $20,780.00 "
Toyota,Corolla Hybrid," $24,355.00 "
Toyota,Mirai," $59,505.00 "
Toyota,Prius," $25,480.00 "
Toyota,Prius Prime," $28,855.00 "
Toyota,Yaris," $16,605.00 "
Toyota,4Runner," $37,240.00 "
Toyota,C-HR," $22,415.00 "
Toyota,Highlander," $35,720.00 "
Toyota,Highlander Hybrid," $39,585.00 "
Toyota,Land Cruiser," $86,740.00 "
Toyota,Rav4," $24,225.00 "
Toyota,Rav4 Hybrid," $29,675.00 "
Toyota,Rav4 Prime ," $39,220.00 "
Toyota,Sequoia," $51,375.00 "
Toyota,Venza," $33,645.00 "
Toyota,Tacoma Access Cab," $27,170.00 "
Toyota,Tacoma Access Double Cab," $39,910.00 "
Toyota,Turndra CrewMax," $39,445.00 "
Toyota,Tundra Double Cab," $35,170.00 "
Toyota,Sienna," $32,760.00 "
Toyota,86," $28,015.00 "
Toyota,Gr Supra ," $50,945.00 "
Toyota,Corolla Hatchback ," $21,560.00 "
Toyota,Yaris Hatchback ," $18,705.00 "
Toyota,Corolla Hatchback ," $21,560.00 "
Mazda,Mazda3," $21,445.00 "
Mazda,Mazda6," $25,045.00 "
Mazda,CX-3," $21,740.00 "
Mazda,CX-30," $23,000.00 "
Mazda,CX-5," $26,370.00 "
Mazda,CX-9," $35,060.00 "
Mazda,MX-5 Miata RF," $33,990.00 "
Mazda,MX-5 Miata," $27,525.00 "
Nissan,Altima ," $25,225.00 "
Nissan,Maxima ," $35,375.00 "
Nissan,Sentra," $20,235.00 "
Nissan,Versa," $15,755.00 "
Nissan,Versa Note ," $16,575.00 "
Nissan,Armada," $48,895.00 "
Nissan,Kicks," $20,165.00 "
Nissan,Murano," $32,825.00 "
Nissan,Pathfinder," $33,075.00 "
Nissan,Rogue," $26,585.00 "
Nissan,Rogue Sport," $24,525.00 "
Nissan,Frontier Crew Cab ," $28,995.00 "
Nissan,Frontier King Cab ," $27,885.00 "
Nissan,Titan Crew Cab," $40,485.00 "
Nissan,Titan King Cab," $37,785.00 "
Nissan,Titan Single Cab," $32,285.00 "
Nissan,Leaf," $32,525.00 "
Nissan,370Z," $31,015.00 "
Nissan,GT-R," $115,335.00 "
